,CODE,UNITNAME,DESCRIPTN,lithos,distance,GROUP_,FORMATION,MEMBER,BED,LITHNAME1,LITHNAME2,ROCKTYPE1,ROCKTYPE2
10706,A-AN-mg,Annean Supersuite,"Metagranite, undivided; includes deeply weathered rock","granite,metagranite,",204938.64745509997,,,,,metagranitic rock,,meta-igneous felsic intrusive,
10507,A-ANC-mg,Cullculli Suite,"Metatonalite, metagranodiorite, and metatrondhjemite; typically hornblende-bearing, and with common mafic clots","metatonalite,tonalite,diorite,granodiorite,mafic,metagranodiorite,metatrondhjemite,trondhjemite",173170.4028889539,,,,,metagranitic rock,,meta-igneous felsic intrusive,
10377,A-ANK-gt,Mount Kenneth Suite,"Tonalite, typically with plagioclase and hornblende phenocrysts; locally sheared; includes rafts of amphibolite; metamorphosed","tonalite,amphibolite",213492.9578113377,,,,,tonalite,,igneous granitic,
10622,A-ANK-jmg-md,Mount Kenneth Suite,"Metagranitic rock, locally sheared with abundant rafts and lenses of sheared quartzite, psammite, and pelite","granitic rock,pelite,psammite,quartzite",149779.03840792863,,,,,metagranitic rock,metasiliciclastic rock,meta-igneous felsic intrusive,metasedimentary siliciclastic
11184,A-ANK-mg,Mount Kenneth Suite,"Metagranitic rock, locally sheared; includes deeply weathered rocks","granitic rock,",128223.76515418258,,,,,metagranitic rock,,meta-igneous felsic intrusive,
10511,A-ANct-gtl,Cue Tonalite,Leucocratic tonalite; medium to coarse grained; metamorphosed,"tonalite,",222511.87320660567,,Cue Tonalite,,,tonalite,,igneous granitic,
10439,A-ANna-xony-any,Narndee Igneous Complex,"Layered gabbro, with dunite, pyroxenite, anorthosite, and hornblende gabbro; local well developed cyclical layering on a hundred metre scale; metamorphosed","gabbro,anorthosite,dunite,gabbro",130986.57542913588,,Narndee Igneous Complex,,,mafic intrusive rock; undivided,ultramafic intrusive rock; undivided,igneous mafic intrusive,igneous ultramafic intrusive
10823,A-ANnl-xom-ax,"Narndee Igneous Complex, lower zone",Gabbronorite interlayered with pyroxenite; local interstitial hornblende; metamorphosed,"gabbro,gabbronorite,",132050.42651482482,,Narndee Igneous Complex,"Narndee Igneous Complex, lower zone",,gabbronorite,pyroxenite (intrusive),igneous mafic intrusive,igneous ultramafic intrusive
10789,A-ANnm-xom-mat,"Narndee Igneous Complex, middle zone","Megacycles of serpentinite grading into pyroxenite, gabbronorite, and anorthosite; typically with hornblende-oikocrystic units; gabbroic rocks dominant; metamorphosed","serpentinite,anorthosite,gabbro,gabbronorite",133285.82548905036,,Narndee Igneous Complex,"Narndee Igneous Complex, middle zone",,gabbronorite,serpentinite derived from intrusive rock,igneous mafic intrusive,meta-igneous ultramafic intrusive
11183,A-ANnu-xap-ao,"Narndee Igneous Complex, ultramafic zone",Pyroxene peridotite interlayered with olivine pyroxenite grading into orthopyroxenite; minor hornblende typically as oikocrysts around pyroxene; typically serpentinized; locally strongly sheared,"orthopyroxenite,peridotite,",130706.73344040896,,Narndee Igneous Complex,"Narndee Igneous Complex, ultramafic zone",,pyroxene peridotite,olivine pyroxenite,igneous ultramafic intrusive,igneous ultramafic intrusive
10596,A-ANwb-mog,"Windimurra Igneous Complex, border zone",Metagabbro with 3--5 mm grain size and amphibole pseudomorphs after pyroxenes; locally grading into dolerite; metamorphosed,"gabbro,metagabbro,dolerite",185444.0733470334,,Windimurra Igneous Complex,"Windimurra Igneous Complex, border zone",,metagabbro,,meta-igneous mafic intrusive,
10590,A-ANwc-xol-apl,Corner Well Gabbro,"Modally layered olivine gabbro grading into olivine gabbronorite interlayered with lherzolite, dunite, pyroxenite, and minor anorthosite; metamorphosed","gabbro,gabbronorite,lherzolite,anorthosite,dunite",179449.7566753415,,Windimurra Igneous Complex,Corner Well Gabbro,,olivine gabbronorite,lherzolite,igneous mafic intrusive,igneous ultramafic intrusive
11815,A-ANwi-am,Windimurra Igneous Complex,"Magnetitite, with recrystallized magnetite and ilmenite surrounding serpentinized olivine and plagioclase; grades into magnetite-rich gabbro and leucogabbro; metamorphosed","magnetitite,gabbro,leucogabbro",164981.66678755402,,Windimurra Igneous Complex,,,magnetitite,,igneous ultramafic intrusive,
10444,A-ANwi-xmog-mg,Windimurra Igneous Complex,"Metagabbro and metaleucogabbro; grades into metagabbronorite; locally schistose and sheared, with abundant metagranite, aplite, and granophyre intrusive sheets predominantly parallel to foliation","gabbro,leucogabbro,metagabbro,metaleucogabbro,gabbro,gabbronorite,granite,granophyre,metagabbro,metagabbronorite,metagranite,schist",143353.85562616665,,Windimurra Igneous Complex,,,metagabbro,metagranitic rock,meta-igneous mafic intrusive,meta-igneous felsic intrusive
10482,A-ANwl-xol-oml,"Windimurra Igneous Complex, lower zone","Modally layered olivine gabbro, grading into olivine gabbronorite interlayered with leucogabbronorite and pyroxenite; metamorphosed","gabbro,gabbro,gabbronorite,leucogabbro,leucogabbronorite",169633.12972772922,,Windimurra Igneous Complex,"Windimurra Igneous Complex, lower zone",,olivine gabbronorite,gabbronorite,igneous mafic intrusive,igneous mafic intrusive
10599,A-ANwm-xog-oml,"Windimurra Igneous Complex, middle zone","Modally layered gabbro grading into leucogabbro interlayered with gabbronorite, leucogabbronorite, and minor pyroxenite; metamorphosed","gabbro,gabbronorite,leucogabbro,gabbro,gabbronorite,leucogabbro,leucogabbronorite",176486.49792122762,,Windimurra Igneous Complex,"Windimurra Igneous Complex, middle zone",,gabbro,gabbronorite,igneous mafic intrusive,igneous mafic intrusive
10370,A-ANwr-xogp-od,"Windimurra Igneous Complex, roof zone",Porphyritic gabbro with plagioclase phenocrysts and dolerite; metamorphosed,"dolerite,gabbro,",188924.69293352994,,Windimurra Igneous Complex,"Windimurra Igneous Complex, roof zone",,gabbro,dolerite,igneous mafic intrusive,igneous mafic intrusive
10620,A-ANwu-xmad-oa,"Windimurra Igneous Complex, ultramafic zone",Chromite-bearing metadunite interlayered with metamorphosed gabbro and anorthosite; locally disseminated chromite in metaperidotite; well-defined layering on a metre scale preserved locally,"anorthosite,dunite,gabbro,metadunite,metaperidotite,peridotite",165648.9759550488,,Windimurra Igneous Complex,"Windimurra Igneous Complex, ultramafic zone",,metadunite derived from intrusive rock,anorthosite,meta-igneous ultramafic intrusive,igneous mafic intrusive
10481,A-ANwz-xoml-am,"Windimurra Igneous Complex, upper zone",Modally layered magnetite- and ilmenite-bearing leucogabbronorite interlayered with magnetitite; metamorphosed,"gabbro,gabbronorite,leucogabbro,leucogabbronorite,magnetitite,",169211.16831836602,,Windimurra Igneous Complex,"Windimurra Igneous Complex, upper zone",,gabbronorite,magnetitite,igneous mafic intrusive,igneous ultramafic intrusive
11169,A-ANyb-od,"Youanmi Igneous Complex, border zone",Dolerite; metamorphosed,"dolerite,",189498.01699349,,Youanmi Igneous Complex,"Youanmi Igneous Complex, border zone",,dolerite,,igneous mafic intrusive,
6668,A-ANyl-xogx-mat,"Youanmi Igneous Complex, lower zone",Modally layered pyroxenitic gabbro interlayered with serpentinite; metamorphosed,"gabbro,serpentinite,",196551.64434290974,,Youanmi Igneous Complex,"Youanmi Igneous Complex, lower zone",,gabbro,serpentinite derived from intrusive rock,igneous mafic intrusive,meta-igneous ultramafic intrusive
10961,A-ANym-xom-og,"Youanmi Igneous Complex, middle zone",Gabbronorite interlayered with gabbro on a 50 m scale; contacts locally gradational; metamorphosed,"gabbro,gabbronorite,",190013.28189543562,,Youanmi Igneous Complex,"Youanmi Igneous Complex, middle zone",,gabbronorite,gabbro,igneous mafic intrusive,igneous mafic intrusive
11147,A-ANyz-xam-ogl,"Youanmi Igneous Complex, upper zone",Magnetitite interlayered with modally layered magnetite-bearing leucogabbro; metamorphosed,"gabbro,leucogabbro,magnetitite,",193891.41687955448,,Youanmi Igneous Complex,"Youanmi Igneous Complex, upper zone",,magnetitite,gabbro,igneous ultramafic intrusive,igneous mafic intrusive
6211,A-BRG-gm,Walganna Suite,"Monzogranite, locally rich in muscovite and biotite; predominantly with equigranular texture and locally K-feldspar porphyritic; includes deeply weathered rock","granite,monzogranite,",89296.38082229803,,,,,monzogranite,,igneous granitic,
10487,A-BRG-gmfe,Walganna Suite,Monzogranite to syenogranite; undeformed; common magmatic foliation,"granite,monzogranite,syenogranite,",182956.73602451774,,,,,monzogranite,,igneous granitic,
10722,A-BRG-gmp,Walganna Suite,K-feldspar-porphyritic to megacrystic monzogranite; locally with biotite up to 10%,"granite,monzogranite,",184303.6517823536,,,,,monzogranite,,igneous granitic,
10597,A-BRO-gfv,Wogala Suite,Muscovite-bearing alkali granite; equigranular; common accessory fluorite; post-tectonic,"granite,",185501.74690008827,,,,,alkali feldspar granite,,igneous granitic,
10424,A-BRga-gm,Garden Rock Monzogranite,Monzogranite to syenogranite; undeformed,"granite,monzogranite,syenogranite,",208276.0590968069,,Garden Rock Monzogranite,,,monzogranite,,igneous granitic,
10413,A-BRga-gmp,Garden Rock Monzogranite,K-feldspar porphyritic monzogranite; undeformed; common magmatic foliation,"granite,monzogranite,",223837.4008707321,,Garden Rock Monzogranite,,,monzogranite,,igneous granitic,
10771,A-BRtg-gm,Telegootherra Monzogranite,Monzogranite to syenogranite; undeformed; common magmatic foliation,"granite,monzogranite,syenogranite,",200575.47459305022,,Telegootherra Monzogranite,,,monzogranite,,igneous granitic,
10488,A-GLr-s,Ryansville Formation,"Clastic sedimentary rocks; conglomerate, sandstone and siltstone; minor chert; weakly metamorphosed","sedimentary rock,chert,conglomerate,sandstone,siltstone",159611.6308495643,Glen Group,Ryansville Formation,,,,,sedimentary siliciclastic,
10557,A-GLw-b,Wattagee Formation,Mafic volcanic rock; massive to weakly foliated; locally pillowed and/or vesicular; weakly metamorphosed,"mafic,",216932.8228092471,Glen Group,Wattagee Formation,,,,,igneous mafic volcanic,
10741,A-JU-mg,Jungar Suite,"Biotite metagranite; dominantly metamonzogranite; minor metagranodiorite, metasyenogranite, and metapegmatite; fine to coarse grained; locally gneissic","granite,metagranite,diorite,gneiss,granite,granodiorite,metagranodiorite,metamonzogranite,metapegmatite,metasyenogranite,monzogranite,pegmatite,syenogranite",138813.8513251179,,,,,metagranitic rock,,meta-igneous felsic intrusive,
10441,A-JU-mgms,Jungar Suite,"Foliated biotite metamonzogranite; minor metagranodiorite, metasyenogranite, and metapegmatite; fine to coarse grained; locally gneissic","granite,metamonzogranite,monzogranite,diorite,gneiss,granite,granodiorite,metagranodiorite,metapegmatite,metasyenogranite,pegmatite,syenogranite",163371.44753984708,,,,,metamonzogranite,,meta-igneous felsic intrusive,
10592,A-NO-b,Norie Group,Basaltic volcanic rock; metamorphosed,"basalt,",127113.51779682821,Norie Group,,,,,,igneous mafic volcanic,
11816,A-NO-musr,Norie Group,"Tremolite-rich ultramafic schist; locally interlayered with meta-pyroxene spinifex-textured basalt, metadolerite, or mafic schist; typically sheared","mafic,schist,ultramafic,basalt,dolerite,mafic,metadolerite,schist",127273.17179268756,Norie Group,,,,ultramafic schist; volcanic or undivided,,meta-igneous ultramafic volcanic or undivided,
10677,A-NOm-mb,Murrouli Basalt,Metabasalt and metakomatiitic basalt,"basalt,metabasalt,",128329.73464445121,Norie Group,Murrouli Basalt,,,metamafic volcanic rock,,meta-igneous mafic volcanic,
10836,A-NOy-cx,Yaloginda Formation,"Banded iron-formation, jaspilite, chert, and shale with associated mafic rock; metamorphosed","banded iron-formation,chert,jaspilite,mafic,shale",167645.2105996503,Norie Group,Yaloginda Formation,,,mixed chert and iron formation,,sedimentary other chemical or biochemical,
11157,A-NOy-xf-cib,Yaloginda Formation,Felsic volcaniclastic rocks and banded iron-formation; local quartzite and felsic schist; widely intruded by layered gabbroic to peridotitic sills; metamorphosed,"banded iron-formation,felsic volcanic,volcaniclastic,gabbro,quartzite,schist",127861.70228033027,Norie Group,Yaloginda Formation,,,,iron formation,igneous felsic volcanic,sedimentary other chemical or biochemical
10477,A-NOyk-xfr-cib,Kantie Murdana Volcanics Member,Rhyolitic and dacitic volcanic and volcaniclastic rocks interbedded with minor metamorphosed banded iron-formation; locally strongly deformed and recrystallized,"banded iron-formation,volcaniclastic,",189501.31583541253,Norie Group,Yaloginda Formation,Kantie Murdana Volcanics Member,,rhyolite,iron formation,igneous felsic volcanic,sedimentary other chemical or biochemical
10788,A-PO-xmb-mf,Polelle Group,Metabasalt and felsic metavolcanic rock; strongly foliated to schistose,"basalt,metabasalt,schist",196808.03778282067,Polelle Group,,,,metamafic volcanic rock,metafelsic volcanic rock,meta-igneous mafic volcanic,meta-igneous felsic volcanic
10539,A-POc-xmtq-mi,Coodardy Pool Formation,Quartzite and metamorphosed iron formation; strongly foliated,"iron formation,quartzite,",217059.1086309433,Polelle Group,Coodardy Pool Formation,,,quartzite,meta-iron formation,metasedimentary siliciclastic: psammite,metasedimentary other chemical: meta-iron formation
10538,A-POg-f,Greensleeves Formation,Andesitic to rhyolitic volcanic and volcaniclastic rocks; widely intruded by layered mafic--ultramafic sills; weakly metamorphosed,"volcaniclastic,mafic,ultramafic",206853.25042444404,Polelle Group,Greensleeves Formation,,,,,igneous felsic volcanic,
10510,A-POm-xb-f,Meekatharra Formation,Basalt and komatiitic basalt; minor felsic volcanic rocks; generally weakly metamorphosed,"basalt,felsic volcanic",160815.35236370738,Polelle Group,Meekatharra Formation,,,,,igneous mafic volcanic,igneous felsic volcanic
10825,A-SDB-gmfe,Big Bell Suite,Equigranular monzogranite to syenogranite; common magmatic foliation,"granite,monzogranite,syenogranite,",131729.313331489,,,,,monzogranite,,igneous granitic,
5031,A-SDB-gmp,Big Bell Suite,K-feldspar porphyritic monzogranite; common magmatic foliation,"granite,monzogranite,",51979.90773447783,,,,,monzogranite,,igneous granitic,
10447,A-SDB-mg,Big Bell Suite,Metagranite; commonly foliated; includes granodiorite to monzogranite,"granite,metagranite,diorite,granite,granodiorite,monzogranite",129690.96196818197,,,,,metagranitic rock,,meta-igneous felsic intrusive,
10895,A-SDB-mgmu,Big Bell Suite,K-feldspar megacrystic biotite metamonzogranite; strongly foliated,"granite,metamonzogranite,monzogranite,",102588.69765650843,,,,,metamonzogranite,,meta-igneous felsic intrusive,
10724,A-SDY-xod-og,Yalgowra Suite,Massive dolerite interleaved with minor gabbro; metamorphosed,"dolerite,gabbro,",205552.1958989806,,,,,dolerite,gabbro,igneous mafic intrusive,igneous mafic intrusive
10540,A-SDcr-mgg,Crossroads Granodiorite,Metagranodiorite to metamonzogranite; commonly foliated,"diorite,granite,granodiorite,metagranodiorite,metamonzogranite,monzogranite,",186321.06342900614,,Crossroads Granodiorite,,,metagranodiorite,,meta-igneous felsic intrusive,
11209,A-THdb-mggu,Dromedary Bore Granite,Granodiorite gneiss; locally biotite rich with K-feldspar augen,"diorite,gneiss,granodiorite,",152017.4336666429,,Dromedary Bore Granite,,,metagranodiorite,,meta-igneous felsic intrusive,
10827,A-TU-mg,Tuckanarra Suite,Metamonzogranite to metagranodiorite; commonly foliated,"diorite,granite,granodiorite,metagranodiorite,metamonzogranite,monzogranite,",104061.80324845706,,,,,metagranitic rock,,meta-igneous felsic intrusive,
10372,A-TU-mgmu,Tuckanarra Suite,K-feldspar megacrystic biotite metamonzogranite; strongly foliated,"granite,metamonzogranite,monzogranite,",196390.46383204663,,,,,metamonzogranite,,meta-igneous felsic intrusive,
10587,A-TUcu-mg,Cundimurra Monzogranite,Metamonzogranite to metasyenogranite; locally undeformed with common magmatic foliation,"granite,metamonzogranite,metasyenogranite,monzogranite,syenogranite,",112212.96990620326,,Cundimurra Monzogranite,,,metagranitic rock,,meta-igneous felsic intrusive,
6729,A-TUcu-mgmu,Cundimurra Monzogranite,K-feldspar megacrystic biotite metamonzogranite; strongly foliated,"granite,metamonzogranite,monzogranite,",88021.69329890504,,Cundimurra Monzogranite,,,metamonzogranite,,meta-igneous felsic intrusive,
11019,A-a-YYO,Youanmi Terrane greenstones,Ultramafic rock; may include pyroxenite and serpentinite; metamorphosed,"mafic,ultramafic,serpentinite",150552.45688156786,,,,,,,igneous ultramafic intrusive,
7252,A-b-YNA,Narryer Terrane greenstones,Mafic volcanic rock dominant; metamorphosed,"mafic,",218701.31594320218,,,,,,,igneous mafic volcanic,
4567,A-b-YSW,South West Terrane greenstones,Mafic volcanic rock with minor mafic and ultramafic intrusive rocks; minor felsic rock; metamorphosed,"mafic,ultramafic,",79700.40760067644,,,,,,,igneous mafic volcanic,
7352,A-b-YYO,Youanmi Terrane greenstones,Mafic volcanic rock with minor mafic and ultramafic intrusive rocks; subordinate felsic rocks; metamorphosed,"mafic,ultramafic,",1218.5766571956974,,,,,,,igneous mafic volcanic,
6213,A-bs-YYO,Youanmi Terrane greenstones,"Komatiitic basalt, commonly with pseudomorphed pyroxene-spinifex texture; metamorphosed and locally schistose; includes weakly metamorphosed tholeiitic basalt and minor mafic and ultramafic intrusive rocks","basalt,basalt,mafic,schist,ultramafic",172832.5708437128,,,,,pyroxene spinifex-textured basalt,,igneous mafic volcanic,
4430,A-cc-YSW,South West Terrane greenstones,Chert; metamorphosed,"chert,",181213.1827088332,,,,,chert,,sedimentary other chemical or biochemical,
5678,A-f-YNA,Narryer Terrane greenstones,Felsic volcanic rock dominant; metamorphosed,"felsic volcanic,",216945.483459764,,,,,,,igneous felsic volcanic,
7841,A-f-YYO,Youanmi Terrane greenstones,Felsic volcanic or volcaniclastic rocks dominant; metamorphosed,"felsic volcanic,volcaniclastic,",1993.5805760023907,,,,,,,igneous felsic volcanic,
3036,A-g-Y,Yilgarn Craton granites,"Granitic rock, undivided; metamorphosed","granitic rock,",3271.2508096420447,,,,,,,igneous granitic,
2903,A-g-YNA,Narryer Terrane granitic unit,"Granitic rock, undivided; metamorphosed","granitic rock,",211916.63356315592,,,,,,,igneous granitic,
4917,A-gm-Y,Yilgarn Craton granites,Monzogranite; common biotite and rare local hornblende; minor granodiorite and syenogranite; fine to coarse grained; equigranular to porphyritic; massive to weakly foliated; metamorphosed,"granite,monzogranite,diorite,granite,granodiorite,syenogranite",230523.61209727795,,,,,monzogranite,,igneous granitic,
10767,A-md-YYO,Youanmi Terrane greenstones,"Metasedimentary rock, undivided; includes metamorphosed sandstone, siltstone, shale, and chert; commonly deeply weathered","sedimentary rock,chert,sandstone,shale,siltstone",225004.22323350934,,,,,metasiliciclastic rock,,metasedimentary siliciclastic,
4835,A-mdnf-YSW,South West Terrane greenstones,Quartz--feldspar--biotite gneiss (predominantly metasedimentary in origin; may include orthogneiss),"gneiss,gneiss,orthogneiss",197960.71813345203,,,,,siliciclastic gneiss,,metasedimentary siliciclastic,
7389,A-mgn-Y,Yilgarn Craton granites,"Granitic gneiss, locally migmatitic; includes local mafic bands and enclaves","gneiss,mafic",135167.42052132692,,,,,granitic gneiss,,meta-igneous felsic intrusive,
3295,A-mgss-Y,Yilgarn Craton granites,"Foliated metagranite, locally gneissic; may include amphibolite lenses; includes deeply weathered rock","granite,metagranite,amphibolite,gneiss",207067.88607079734,,,,,granitic schist,,meta-igneous felsic intrusive,
3620,A-mlsm-YSW,South West Terrane greenstones,"Quartz--mica schist; includes sillimanite, andalusite, kyanite, graphite, and staurolite-bearing varieties","schist,",140827.32170934952,,,,,pelitic schist,,metasedimentary siliciclastic: pelite,
3037,A-mn-Y,Yilgarn Craton metamorphic unit,"Gneiss, undivided","gneiss,",37004.80702718682,,,,,gneiss,,metamorphic protolith unknown: gneiss,
8456,A-mu-YYO,Youanmi Terrane greenstones,"Metamorphosed ultramafic rock, undivided; typically deeply weathered","mafic,ultramafic,",6177.841211774218,,,,,meta-ultramafic rock,,meta-igneous ultramafic volcanic or undivided,
3035,A-mw-YYO,Youanmi Terrane greenstones,"Metamorphosed mafic igneous rock, undivided","mafic,",13625.729097111498,,,,,metamafic rock,,meta-igneous mafic,
6860,A-mwa-YNA,Narryer Terrane greenstones,"Amphibolite; fine- to medium-grained, aphyric hornblende--plagioclase rock and medium-grained porphyritic hornblende--plagioclase rock; locally includes metagabbro and metaleucogabbro","amphibolite,gabbro,leucogabbro,metagabbro,metaleucogabbro",217411.70868042833,,,,,amphibolite,,meta-igneous mafic,
3522,A-mwa-YSW,South West Terrane greenstones,Amphibolite,"amphibolite,",113232.68571092114,,,,,amphibolite,,meta-igneous mafic,
3622,A-o-YYO,Youanmi Terrane greenstones,Mafic intrusive rock dominant; metamorphosed,"mafic,",2241.477153796181,,,,,,,igneous mafic intrusive,
4212,A-s-YYO,Youanmi Terrane greenstones,Clastic sedimentary rock dominant; metamorphosed,"sedimentary rock,",0.0,,,,,,,sedimentary siliciclastic,
14303,A-xmgn-g-YNA,Narryer Terrane metagranitic unit,"Granitic gneiss and granitic rocks; minor granodiorite, muscovite granite, amphibolite, and ultramafic rocks","gneiss,granitic rock,amphibolite,diorite,granite,granodiorite,mafic,ultramafic",207474.43694133783,,,,,granitic gneiss,,meta-igneous felsic intrusive,igneous granitic
4429,A-xmgs-mb-Y,Yilgarn Craton granites,"Foliated metagranitic rock with interleaved minor metamorphosed mafic, ultramafic, and local sedimentary rocks","granitic rock,mafic,mafic,sedimentary rock,ultramafic",102145.66829056173,,,,,granitic schist,metamafic volcanic rock,meta-igneous felsic intrusive,meta-igneous mafic volcanic
8082,A-xmno-mni-YSW,South West Terrane greenstones,Granulite and migmatite,"granulite,migmatite,",134649.30683838195,,,,,gneissose granulite,migmatitic gneiss,metamorphic protolith unknown: gneiss,metamorphic protolith unknown: gneiss
4832,AP_-myyf-YSW,South West Terrane cataclasite,Mylonite and gneiss; derived from Archean and Proterozoic deformation of Archean rocks; adjacent to Darling Fault,"gneiss,",206099.58283080283,,,,,mylonite,,metamorphic protolith unknown: fault rock,
5619,CP-_na-sepg,Nangetty Formation,"Diamictite, shale (locally varvoid), conglomerate, sandstone","diamictite,conglomerate,sandstone,shale",99617.00137474778,,Nangetty Formation,,,diamictite + other siliciclastic,,sedimentary siliciclastic,
3519,J-_cd-sf,Cadda Formation,"Grey shale, siltstone and sandstone; scattered carbonate lenses","shale,carbonate,sandstone,siltstone",131488.16968339097,,Cadda Formation,,,siltstone + sandstone,,sedimentary siliciclastic,
3525,J-_cm-slh,Cattamarra Coal Measures,"Carbonaceous siltstone, shale, claystone, coal, sandstone","siltstone,claystone,sandstone,shale",118164.60740661592,,Cattamarra Coal Measures,,,siltstone/mudstone,,sedimentary siliciclastic,
6654,J-_en-ss,Eneabba Formation,Interbedded red-bed sandstone and siltstone,"sandstone,siltstone,",116014.7184759264,,Eneabba Formation,,,sandstone + siltstone,,sedimentary siliciclastic,
2821,J-_ya-st,Yarragadee Formation,"Fine- to coarse-grained sandstone, thin shale interbeds","sandstone,shale",126418.87314298768,,Yarragadee Formation,,,sandstone,,sedimentary siliciclastic,
2815,JK-PA-st,Parmelia Group,Predominantly sandstone; most formations recognized only in subsurface,"sandstone,",120466.97882832005,Parmelia Group,,,,sandstone,,sedimentary siliciclastic,
5617,JK-PAo-sfl,Otorowiri Formation,"Micaceous siltstone, shale, minor glauconitic sandstone","siltstone,sandstone,shale",125627.91788886102,Parmelia Group,Otorowiri Formation,,,siltstone + sandstone,,sedimentary siliciclastic,
488,K-CY-xk-s,Coolyena Group,"Chalk, greensand, glauconitic sandstone, siltstone, marl; characteristically glauconitic","sandstone,siltstone",134712.10845743195,Coolyena Group,,,,,,sedimentary carbonate,sedimentary siliciclastic
1863,K-CYl-chl,Lancelin Formation,"Glauconitic chalk, marl, and calcareous mudstone",mudstone,233449.3556267774,Coolyena Group,Lancelin Formation,,,chalk,,sedimentary other chemical or biochemical,
3277,K-CYo-sll,Osborne Formation,"Interbedded sandstone, siltstone, shale, and claystone; characteristically glauconitic","sandstone,claystone,shale,siltstone",156187.6745877589,Coolyena Group,Osborne Formation,,,siltstone/mudstone,,sedimentary siliciclastic,
14246,K-WN-sf,Winning Group,"Shale, siltstone, marl, and basal sandstone; commonly glauconitic; radiolarian siltstone in central part","shale,sandstone,siltstone",241928.99819157665,Winning Group,,,,siltstone + sandstone,,sedimentary siliciclastic,
1714,K-WRl-ss,Leederville Formation,Interbedded sandstone and siltstone; minor conglomerate; scattered thin coal seams,"sandstone,siltstone,conglomerate",215209.21054434593,Warnbro Group,Leederville Formation,,,sandstone + siltstone,,sedimentary siliciclastic,
6110,OS-_tu-st,Tumblagooda Sandstone,"Sandstone, minor siltstone and granule to pebble conglomerate","sandstone,conglomerate,siltstone",183512.29239891557,,Tumblagooda Sandstone,,,sandstone,,sedimentary siliciclastic,
4661,P-_cg-sf,Carynginia Formation,"Micaceous siltstone and quartz sandstone, minor granule to pebble conglomerate, limestone","sandstone,siltstone,conglomerate,limestone",104595.42796712747,,Carynginia Formation,,,siltstone + sandstone,,sedimentary siliciclastic,
5982,P-_hi-st,High Cliff Sandstone,"Fine-grained quartz sandstone, subordinate interbeds of coarse-grained sandstone, conglomerate, and shale","sandstone,conglomerate,sandstone,shale",103470.23770325893,,High Cliff Sandstone,,,sandstone,,sedimentary siliciclastic,
6447,P-_ho-sh,Holmwood Shale,"Grey shale, well-bedded clayey siltstone, interbedded limestone","shale,limestone,siltstone",102835.95322020008,,Holmwood Shale,,,shale,,sedimentary siliciclastic,
6446,P-_ir-ssh,Irwin River Coal Measures,"Interbedded very coarse to fine grained sandstone, claystone, siltstone, shale (commonly carbonaceous), and coal","sandstone,claystone,shale,siltstone",103658.14072599252,,Irwin River Coal Measures,,,sandstone + siltstone,,sedimentary siliciclastic,
7688,P-_mi-ss,Mingenew Formation,"Fine- to coarse-grained sandstone, micaceous siltstone","sandstone,siltstone",120392.85542712401,,Mingenew Formation,,,sandstone + siltstone,,sedimentary siliciclastic,
1272,P-_wg-st,Wagina Sandstone,"Fine- to medium-grained, clayey quartz sandstone; minor conglomerate, shale, siltstone and coal","conglomerate,sandstone,shale,siltstone",105545.4853535072,,Wagina Sandstone,,,sandstone,,sedimentary siliciclastic,
5615,P_-OA-xs-b,Moora Group,"Sandstone, siltstone; basalt (in lower part), and dolomite and silicified dolomite (in upper part)","sandstone,basalt,siltstone",111576.29074443725,Moora Group,,,,,,sedimentary siliciclastic,igneous mafic volcanic
6653,P_-OAB-xss-b,Billeranga Subgroup,"Sandstone, siltstone, basalt and volcaniclastic sandstone","sandstone,basalt,sandstone,siltstone,volcaniclastic",82889.1916446923,Moora Group,,,,sandstone + siltstone,,sedimentary siliciclastic,igneous mafic volcanic
7048,P_-OAC-xss-kd,Coomberdale Subgroup,"Sandstone, siltstone, dolostone, stromatolitic dolostone and silicified dolostone","sandstone,dolostone,siltstone",82401.6993151524,Moora Group,,,,sandstone + siltstone,dolostone/dolomite,sedimentary siliciclastic,sedimentary carbonate
6651,P_-YA-s,Yandanooka Group,"Siltstone with abundant volcanic fragments, sandstone and conglomerate","siltstone,conglomerate,sandstone",103694.10281039898,Yandanooka Group,,,,,,sedimentary siliciclastic,
5616,P_-_mg-xmdn-mwa,Mullingarra Gneiss,"Quartzofeldspathic, semi-pelitic and pelitic gneiss; granoblastic texture common; minor pegmatitic and granitic segregations; includes lenses of quartzite and amphibolite","amphibolite,gneiss,quartzite",115237.34580762738,,Mullingarra Gneiss,,,siliciclastic gneiss,amphibolite,metasedimentary siliciclastic,meta-igneous mafic
2360,P_-g-PJNO,Northampton Inlier granitic unit,Granitic rock,"granitic rock,",180956.3103687934,,,,,,,igneous granitic,
6114,P_-mdn-PJNO,Northampton Inlier metasedimentary unit,Paragneiss,"gneiss,",186565.95766901574,,,,,siliciclastic gneiss,,metasedimentary siliciclastic,
2496,P_-mnqf-PJNO,Northampton Inlier gneissic unit,Quartzofeldspathic gneiss,"gneiss,",180571.1758058762,,,,,quartzofeldspathic gneiss,,metamorphic protolith unknown: gneiss,
2494,P_-mog-PJNO,Northampton Inlier metamorphosed mafic intrusive unit,Metamorphosed gabbroic rock,"gabbro,",187921.55399459845,,,,,metagabbro,,meta-igneous mafic intrusive,
7631,P_-od,Proterozoic mafic intrusive unit,"Dolerite dyke, sill, or plug; fine- to medium-grained dolerite and gabbro","dolerite,dolerite,gabbro",106127.59297418568,,,,,dolerite,,igneous mafic intrusive,
5518,P_-xmd-mb-BD,Badgeradda Basin metamorphosed unit,Metamorphosed siliciclastic rock and minor ?mafic volcanic rock; may correlate with Badgeradda Group and Nilling Formation,"mafic,siliciclastic,",207934.29627894537,,,,,metasiliciclastic rock,metamafic volcanic rock,metasedimentary siliciclastic,meta-igneous mafic volcanic
4756,R-_kk-sl,Kockatea Shale,Shale; minor siltstone and sandstone; in places calcareous; sandstone members at base,"shale,sandstone,siltstone",108143.8405562196,,Kockatea Shale,,,siltstone/mudstone,,sedimentary siliciclastic,
6655,R-_le-st,Lesueur Sandstone,Very fine to very coarse grained quartz sandstone; subordinate granule conglomerate; minor siltstone,"sandstone,conglomerate,siltstone",110330.19833610905,,Lesueur Sandstone,,,sandstone,,sedimentary siliciclastic,
1869,R-_wo-ss,Woodada Formation,"Fine- to medium-grained sandstone, interbedded with laminated siltstone","sandstone,siltstone",178153.62387758715,,Woodada Formation,,,sandstone + siltstone,,sedimentary siliciclastic,
14239,SD-_bi-st,Bindoo Sandstone,Ultramafic volcanic rock; metamorphosed,"mafic,ultramafic,",159041.06882984893,,Bindoo Sandstone,,,sandstone,,sedimentary siliciclastic,
